219BK29,1000,99.99
264DB32,1000,99.99
264DB30,1000,99.99
264LB30,1000,99.99
219BK26,1000,99.99
264DB40,1000,99.99
264LB34,1000,99.99
268LB32,1000,99.99
338SZ36,1000,99.99
296SZ28,1000,99.99
264DB32,1000,99.99
264DB40,1000,99.99
264LB32,1000,99.99
264DB33,1000,99.99
264DB36,1000,99.99
264DB38,1000,99.99
264DB26,1000,99.99
264BK34,1000,99.99
316SZ34,1000,99.99
264DB28,1000,99.99
264LB28,1000,99.99
264DB33,1000,99.99
264BK33,1000,99.99
316SZ32,1000,99.99
264LB34,1000,99.99
264LB40,1000,99.99
268DB29,1000,99.99
264LB27,1000,99.99
264DB29,1000,99.99
218DB29,1000,99.99
316SZ29,1000,99.99
264BK34,1000,99.99
338SZ34,1000,99.99
264DB38,1000,99.99
264BK38,1000,99.99
264LB38,1000,99.99
264DB30,1000,99.99
264BK33,1000,99.99
316SZ28,1000,99.99
338SZ28,1000,99.99
218DB26,1000,99.99
296SZ29,1000,99.99
338SZ27,1000,99.99
338SZ26,1000,99.99
218BK26,1000,99.99
264DB29,1000,99.99
264DB30,1000,99.99
264DB33,1000,99.99
